temporada|numeroCapitulo|nombreCapitulo|link
1|1|Especial de Navidad|https://www.starplus.com/es-419/video/79529cd0-f1cf-4eec-8b1d-ea1e1b76043b
1|2|Bart, el genio.|https://www.starplus.com/es-419/video/250ca502-751e-4b37-a465-f8b518d76ced
1|3|La odisea de Homer.|https://www.starplus.com/es-419/video/0e8e7f27-0ab2-495f-8254-d99d3c53ce4f
1|4|Una familia modelo|https://www.starplus.com/es-419/video/5e837a36-5db0-451c-82d3-0cca1490f784
1|5|Bart, el general.|https://www.starplus.com/es-419/video/051c32fc-0d9a-4bee-a960-9c6ab85eccdb
1|6|La depresion de Lisa.|https://www.starplus.com/es-419/video/d7502c3a-a254-451a-bdc0-b57e67b1ace4
1|7|El abominable hombre del bosque.|https://www.starplus.com/es-419/video/8d4aad23-2222-4980-af9b-729bc8159898
1|8|El heroe sin cabeza|https://www.starplus.com/es-419/video/8868eddb-224d-4df4-93c2-145abd60270d
1|9|Un momento de decision|https://www.starplus.com/es-419/video/6303b4c8-5e65-46a0-bd51-6460bba86e8e
1|10|Homer se va de juerga.|https://www.starplus.com/es-419/video/084078a6-9f7e-4468-8b33-48ce7fb5c7c0
1|11|Intercambio cultural|https://www.starplus.com/es-419/video/01937c40-fe95-4e8f-aa0d-3933ee3ba378
1|12|Krusty va a la carcel|https://www.starplus.com/es-419/video/829bc530-f7b3-459d-bac1-dc92672c9138
1|13|Una noche encantadora|https://www.starplus.com/es-419/video/332f91c5-2de7-40d2-ac02-9de76820f4f6
2|1|Bart reprueba.|https://www.starplus.com/es-419/video/4050d194-f1a6-47d4-bc1b-76b8245ed113
2|2|Simpson y Dalila.|https://www.starplus.com/es-419/video/243f60de-a36e-49ad-add0-dfc14531cafd
2|3|Especial de Noche de Brujas de Los Simpson: La casita del terror.|https://www.starplus.com/es-419/video/4ec3dd31-0428-40c2-b1e0-b052dfc53fe0
2|4|Dos coches en cada cochera, tres ojos en cada pez.|https://www.starplus.com/es-419/video/de06551c-30d7-44ef-b000-05e29c00eed6
2|5|Homer, el animador.|https://www.starplus.com/es-419/video/ebf614c8-eefe-4cc3-8b26-d898f40faad0
2|6|La sociedad de los golfistas muertos|https://www.starplus.com/es-419/video/142af74a-1149-493c-ad2b-a283c98db66d
2|7|Bart en el día de Acción de Gracias.|https://www.starplus.com/es-419/video/f4dc6ce1-cb9d-49e3-b4d4-2e5f50549812
2|8|Bart el temerario.|https://www.starplus.com/es-419/video/9f790394-88b9-48ac-970c-18d32de46342
2|9|Tommy, Daly y Marge.|https://www.starplus.com/es-419/video/fd366e91-bcd5-4629-83d9-6c6f6739897c
2|10|Bart es atropellado.|https://www.starplus.com/es-419/video/bf571705-b52b-46ae-a9c1-c88d36672839
2|11|Aviso de muerte.|https://www.starplus.com/es-419/video/28244e58-a5dd-4260-a8be-13e2a34d0ba9
2|12|Los años que vivimos.|https://www.starplus.com/es-419/video/1fd08344-aa39-42f3-a056-662aa4835f0f
2|13|No robaras.|https://www.starplus.com/es-419/video/fb653641-23b8-4e9b-a547-0d195f78c33c
2|14|El ultimo tren.|https://www.starplus.com/es-419/video/ce071635-1151-49b0-9168-eda9b55880fa
2|15|Donde estas hermano mio|https://www.starplus.com/es-419/video/78ae94ea-6ac6-4d34-b1a9-031a324f447a
2|16|El perro de Bart reprueba.|https://www.starplus.com/es-419/video/ab2e3441-cb90-4cee-ab57-6f20fa1bfdac
2|17|Nuestros años felices.|https://www.starplus.com/es-419/video/b847307a-cb9d-494a-bb98-12a764168288
2|18|Pinceles con alma.|https://www.starplus.com/es-419/video/8cf507bf-2b25-45d7-84d4-e3f668a68f37
2|19|El Sustituto de Lisa.|https://www.starplus.com/es-419/video/33c5ea7a-09ac-4513-b471-29289dbbc1f9
2|20|La guerra de los Simpson.|https://www.starplus.com/es-419/video/ac3d5ea1-e473-4a79-bfaf-a496a79b2a3b
2|21|Tres hombres y una historieta.|https://www.starplus.com/es-419/video/a1394377-1c23-458d-b91b-18ff12018d47
2|22|Sangre nueva.|https://www.starplus.com/es-419/video/cd94c4b6-8f87-4df0-b709-190eb4f84964
3|1|El patriotismo de Lisa|https://www.starplus.com/es-419/video/30e6b625-ad02-4c52-ba41-571b68eee431
3|2|Cuando Flanders fracasó.|https://www.starplus.com/es-419/video/bba00c31-32ab-4167-9990-d44ca856fb77
3|3|El pequeño padrino.|https://www.starplus.com/es-419/video/062bfbc7-f1ac-4c7f-9ccc-bd2e96fd6da4
3|4|Homero al diccionario.|https://www.starplus.com/es-419/video/03be2e07-7414-436a-9522-e697bd015483
3|5|De tal palo, tal payaso.|https://www.starplus.com/es-419/video/27977583-ce54-45e5-8c9e-3ea55d551a3e
3|6|La casita del terror II.|https://www.starplus.com/es-419/video/1d2183e7-f0c6-4b61-abd7-47688dccfd15
3|7|El poni de Lisa.|https://www.starplus.com/es-419/video/9ce55c08-4635-4cc8-857c-081460a2480e
3|8|Tardes de trueno.|https://www.starplus.com/es-419/video/b1ecdef1-ffef-4cb1-b7cc-3980a258cc69
3|9|La llamarada Moe.|https://www.starplus.com/es-419/video/796cd258-4056-43ab-9268-4932550f11f5
3|10|Burns y los alemanes.|https://www.starplus.com/es-419/video/dd37faf9-f191-4a97-99c4-2cf7e966e441
3|11|Me casé con Marge.|https://www.starplus.com/es-419/video/e7a09c16-34cd-448d-89c8-3a7cd3f1db05
3|12|Bart y la radio.|https://www.starplus.com/es-419/video/4b6bb3d5-cf1f-4edc-a1f5-b619c5d5979f
3|13|El pronostico de Lisa.|https://www.starplus.com/es-419/video/f4faa613-2619-484b-b9d5-84cb7907b60e
3|14|Homero se queda solo.|https://www.starplus.com/es-419/video/affe697b-246e-4e2b-b314-86abb18f51f3
3|15|Bart, el amante.|https://www.starplus.com/es-419/video/8e541791-0374-4447-92d5-427e190347c0
3|16|Homero el bat.|https://www.starplus.com/es-419/video/277c0f29-5036-4ec1-8730-346b62202ec9
3|17|Vocaciones distintas.|https://www.starplus.com/es-419/video/84689699-9a61-4873-9e97-b92fdfdfd912
3|18|Nuestro mejor amigo.|https://www.starplus.com/es-419/video/2d3ca633-e681-408d-b43a-17d34c4e3429
3|19|Homero, el campirano|https://www.starplus.com/es-419/video/dd81dd22-a6d1-490b-9e4d-86b5bf64e2b0
3|20|El viudo negro.|https://www.starplus.com/es-419/video/d5a7bef2-e845-4439-916e-121bb33838c4
3|21|El rock de Otto.|https://www.starplus.com/es-419/video/97b16e5f-ef0a-4bdb-b113-e8ceb248217a
3|22|Milhouse se enamora.|https://www.starplus.com/es-419/video/44f88f5f-ef09-4102-a975-4cc963938ec3
3|23|El es mi hermano.|https://www.starplus.com/es-419/video/7262519a-bba5-44c2-a547-2c812ed2541d
4|1|Kampo Krusty.|https://www.starplus.com/es-419/video/326e39c2-45a8-4781-9931-438ccbcc7f0a
4|2|Un tranvía llamado Marge.|https://www.starplus.com/es-419/video/0e1f575c-eb6e-46d3-8765-d786c3cbe0fc
4|3|Homero hereje.|https://www.starplus.com/es-419/video/1aac9cd6-a6d9-49ea-9ae3-fb1622a811fa
4|4|La reina de la belleza.|https://www.starplus.com/es-419/video/2f06393f-b88c-46b7-bddb-65bdf8172d44
4|5|La casita del terror III.|https://www.starplus.com/es-419/video/540e1a2c-051a-4f48-b5f0-585138090af5
4|6|Tomy y Daly, la pelicula|https://www.starplus.com/es-419/video/8c17cbd3-960b-4157-9792-8d02f0098c59
4|7|Marge consigue un empleo.|https://www.starplus.com/es-419/series/los-simpson/3ZoBZ52QHb4x
4|8|La chica nueva del barrio.|https://www.starplus.com/es-419/series/los-simpson/3ZoBZ52QHb4x
4|9|El Sr. Quitanieves.|https://www.starplus.com/es-419/series/los-simpson/3ZoBZ52QHb4x
4|10|La primera palabra de Lisa.|https://www.starplus.com/es-419/series/los-simpson/3ZoBZ52QHb4x
4|11|El triple bypass de Homer.|https://www.starplus.com/es-419/series/los-simpson/3ZoBZ52QHb4x
4|12|Marge contra el monorraíl.|https://www.starplus.com/es-419/series/los-simpson/3ZoBZ52QHb4x
4|13|La elección de Selma.|https://www.starplus.com/es-419/series/los-simpson/3ZoBZ52QHb4x
4|14|Hermano del mismo planeta.|https://www.starplus.com/es-419/series/los-simpson/3ZoBZ52QHb4x
4|15|Yo amo a Lisa.|https://www.starplus.com/es-419/series/los-simpson/3ZoBZ52QHb4x
4|16|Sin Duff.|https://www.starplus.com/es-419/series/los-simpson/3ZoBZ52QHb4x
4|17|Último tren a Springfield.|https://www.starplus.com/es-419/series/los-simpson/3ZoBZ52QHb4x
4|18|Éste es el resultado: Retrospectiva de los Simpson.|https://www.starplus.com/es-419/series/los-simpson/3ZoBZ52QHb4x
4|19|La tapadera.|https://www.starplus.com/es-419/series/los-simpson/3ZoBZ52QHb4x
4|20|El día del apaleamiento.|https://www.starplus.com/es-419/series/los-simpson/3ZoBZ52QHb4x
4|21|Marge encadenada.|https://www.starplus.com/es-419/series/los-simpson/3ZoBZ52QHb4x
4|22|Krusty es kancelado.|https://www.starplus.com/es-419/series/los-simpson/3ZoBZ52QHb4x
5|1|El cuarteto de Homero.|https://www.starplus.com/es-419/video/39346307-4dbb-45e8-a765-4ed555bb1e03
5|2|El cabo de miedosos.|https://www.starplus.com/es-419/video/1640880f-154b-4c5e-94fe-cb86bb7e6970
5|3|Homer va a la universidad.|https://www.starplus.com/es-419/video/166f1ff9-be98-453d-a3cd-6d80943efff3
5|4|El oso de Burns.|https://www.starplus.com/es-419/video/39559a2c-6bec-48fc-b080-be4a7c3e4045
5|5|La casita del terror IV.|https://www.starplus.com/es-419/video/33dfa7a1-fe6f-4466-a87d-9bf43a8be7cd
5|6|Marge se da a la fuga.|https://www.starplus.com/es-419/series/los-simpson/3ZoBZ52QHb4x
5|7|El niño que hay en Bart.|https://www.starplus.com/es-419/series/los-simpson/3ZoBZ52QHb4x
5|8|Explorador de incógnito.|https://www.starplus.com/es-419/series/los-simpson/3ZoBZ52QHb4x
5|9|La última tentación de Homer.|https://www.starplus.com/es-419/series/los-simpson/3ZoBZ52QHb4x
5|10|$pringfield próspero.|https://www.starplus.com/es-419/series/los-simpson/3ZoBZ52QHb4x
5|11|Homer, el vigilante.|https://www.starplus.com/es-419/series/los-simpson/3ZoBZ52QHb4x
5|12|Bart se hace famoso.|https://www.starplus.com/es-419/series/los-simpson/3ZoBZ52QHb4x
5|13|Homer y Apu.|https://www.starplus.com/es-419/series/los-simpson/3ZoBZ52QHb4x
5|14|Lisa contra Stacy Malibú.|https://www.starplus.com/es-419/series/los-simpson/3ZoBZ52QHb4x
5|15|Homer en el espacio exterior.|https://www.starplus.com/es-419/series/los-simpson/3ZoBZ52QHb4x
5|16|Homer ama a Flanders.|https://www.starplus.com/es-419/series/los-simpson/3ZoBZ52QHb4x
5|17|A Bart le regalan un elefante.|https://www.starplus.com/es-419/series/los-simpson/3ZoBZ52QHb4x
5|18|El heredero de Burns.|https://www.starplus.com/es-419/series/los-simpson/3ZoBZ52QHb4x
5|19|La canción ruda del dulce Seymour Skinner.|https://www.starplus.com/es-419/series/los-simpson/3ZoBZ52QHb4x
5|20|El niño que sabía demasiado.|https://www.starplus.com/es-419/series/los-simpson/3ZoBZ52QHb4x
5|21|El amante de Madame Bouvier.|https://www.starplus.com/es-419/series/los-simpson/3ZoBZ52QHb4x
5|22|Secretos de un matrimonio con éxito.|https://www.starplus.com/es-419/series/los-simpson/3ZoBZ52QHb4x
6|1|El diabolico Bart.|https://www.starplus.com/es-419/video/e0db43b4-b127-4792-9ba6-caf3fdba9189
6|2|La rival de Lisa.|https://www.starplus.com/es-419/video/3c568ad6-485c-4d21-b020-38c786694561
6|3|Recuerdos de amor.|https://www.starplus.com/es-419/video/feda9375-d929-429a-9435-b1cd5d101222
6|4|La tierra de Tomy y Daly.|https://www.starplus.com/es-419/video/916ceda9-c787-4d02-9b7f-dc39a0840d5d
6|5|El regreso de Bob Patiño|https://www.starplus.com/es-419/video/40520eb0-dffb-4f80-bb22-2ddb42f54b0c
6|6|La casa-árbol del terror V.|https://www.starplus.com/es-419/series/los-simpson/3ZoBZ52QHb4x
6|7|La novia de Bart.|https://www.starplus.com/es-419/series/los-simpson/3ZoBZ52QHb4x
6|8|Lisa sobre hielo.|https://www.starplus.com/es-419/series/los-simpson/3ZoBZ52QHb4x
6|9|Homer, hombre malo.|https://www.starplus.com/es-419/series/los-simpson/3ZoBZ52QHb4x
6|10|El abuelo contra la impotencia sexual.|https://www.starplus.com/es-419/series/los-simpson/3ZoBZ52QHb4x
6|11|Miedo a volar.|https://www.starplus.com/es-419/series/los-simpson/3ZoBZ52QHb4x
6|12|Homer, el grande.|https://www.starplus.com/es-419/series/los-simpson/3ZoBZ52QHb4x
6|13|Y con Maggie, tres.|https://www.starplus.com/es-419/series/los-simpson/3ZoBZ52QHb4x
6|14|El cometa de Bart.|https://www.starplus.com/es-419/series/los-simpson/3ZoBZ52QHb4x
6|15|Homie, el payaso.|https://www.starplus.com/es-419/series/los-simpson/3ZoBZ52QHb4x
6|16|Bart contra Australia.|https://www.starplus.com/es-419/series/los-simpson/3ZoBZ52QHb4x
6|17|Homer contra Patty y Selma.|https://www.starplus.com/es-419/series/los-simpson/3ZoBZ52QHb4x
6|18|Ha nacido una estrella.|https://www.starplus.com/es-419/series/los-simpson/3ZoBZ52QHb4x
6|19|La boda de Lisa.|https://www.starplus.com/es-419/series/los-simpson/3ZoBZ52QHb4x
6|20|Dos docenas y un galgo.|https://www.starplus.com/es-419/series/los-simpson/3ZoBZ52QHb4x
6|21|Disolución del Consejo Escolar.|https://www.starplus.com/es-419/series/los-simpson/3ZoBZ52QHb4x
6|22|Alrededor de Springfield.|https://www.starplus.com/es-419/series/los-simpson/3ZoBZ52QHb4x
6|23|Springfield Connection.|https://www.starplus.com/es-419/series/los-simpson/3ZoBZ52QHb4x
6|24|El limonero de Troya.|https://www.starplus.com/es-419/series/los-simpson/3ZoBZ52QHb4x
6|25|¿Quién disparó al Sr. Burns? (primera parte).|https://www.starplus.com/es-419/series/los-simpson/3ZoBZ52QHb4x
7|1|¿Quien mato al Sr. Burns? (segunda parte).|https://www.starplus.com/es-419/video/af6bd0ea-9f03-4291-9224-de834958b1a1
7|2|El hombre Radiactivo.|https://www.starplus.com/es-419/video/2895e8ae-b98c-43e8-8da0-8015832768f6
7|3|Hogar, dulce hogarcirijillo.|https://www.starplus.com/es-419/video/85ae1888-ba11-43e6-a617-badff0685aad
7|4|Bart vende su alma.|https://www.starplus.com/es-419/video/9168c65f-2ea7-46de-aef9-14c518a5f597
7|5|Lisa, la vegetariana.|https://www.starplus.com/es-419/video/18076697-c44b-4d5d-a4cd-e12fe07b924e
7|6|La casa-árbol del terror VI.|https://www.starplus.com/es-419/series/los-simpson/3ZoBZ52QHb4x
7|7|Homer tamaño king-size.|https://www.starplus.com/es-419/series/los-simpson/3ZoBZ52QHb4x
7|8|Madre Simpson.|https://www.starplus.com/es-419/series/los-simpson/3ZoBZ52QHb4x
7|9|El último resplandor del actor secundario Bob.|https://www.starplus.com/es-419/series/los-simpson/3ZoBZ52QHb4x
7|10|¡Espectacular episodio número 138!|https://www.starplus.com/es-419/series/los-simpson/3ZoBZ52QHb4x
7|11|Marge, no seas orgullosa.|https://www.starplus.com/es-419/series/los-simpson/3ZoBZ52QHb4x
7|12|Equipo Homer.|https://www.starplus.com/es-419/series/los-simpson/3ZoBZ52QHb4x
7|13|Dos malos vecinos.|https://www.starplus.com/es-419/series/los-simpson/3ZoBZ52QHb4x
7|14|Escenas de la lucha de clases en Springfield.|https://www.starplus.com/es-419/series/los-simpson/3ZoBZ52QHb4x
7|15|Bart, el soplón.|https://www.starplus.com/es-419/series/los-simpson/3ZoBZ52QHb4x
7|16|Lisa, la iconoclasta.|https://www.starplus.com/es-419/series/los-simpson/3ZoBZ52QHb4x
7|17|Homer, el Smithers.|https://www.starplus.com/es-419/series/los-simpson/3ZoBZ52QHb4x
7|18|El día que murió la violencia.|https://www.starplus.com/es-419/series/los-simpson/3ZoBZ52QHb4x
7|19|Un pez llamado Selma.|https://www.starplus.com/es-419/series/los-simpson/3ZoBZ52QHb4x
7|20|Bart en la carretera.|https://www.starplus.com/es-419/series/los-simpson/3ZoBZ52QHb4x
7|21|22 cortometrajes sobre Springfield.|https://www.starplus.com/es-419/series/los-simpson/3ZoBZ52QHb4x
7|22|El furioso Abe Simpson y su descentrado descendiente en la maldición del pez volador.|https://www.starplus.com/es-419/series/los-simpson/3ZoBZ52QHb4x
7|23|Mucho Apu y pocas nueces.|https://www.starplus.com/es-419/series/los-simpson/3ZoBZ52QHb4x
7|24|Homerpalooza.|https://www.starplus.com/es-419/series/los-simpson/3ZoBZ52QHb4x
7|25|Verano de un metro y medio.|https://www.starplus.com/es-419/series/los-simpson/3ZoBZ52QHb4x
8|1|La casita del terror VII.|https://www.starplus.com/es-419/video/50a03393-e5f7-4a07-b0a2-538ab3b16b51
8|2|Sólo se muda dos veces.|https://www.starplus.com/es-419/video/4bbad88a-4a1b-4881-9c0e-b78d8c703e7d
8|3|Homero por el campeonato.|https://www.starplus.com/es-419/video/13979608-127b-4a93-b1ee-1fbd178019fd
8|4|Papi Burns.|https://www.starplus.com/es-419/video/f8925031-3dda-44a5-8210-d0241c05795b
8|5|Bart de noche.|https://www.starplus.com/es-419/video/992e892f-0acd-4d25-8e40-fef5704efc7b
8|6|Milhouse dividido.|https://www.starplus.com/es-419/series/los-simpson/3ZoBZ52QHb4x
8|7|La cita de Lisa con lo espeso.|https://www.starplus.com/es-419/series/los-simpson/3ZoBZ52QHb4x
8|8|Huracán Neddy.|https://www.starplus.com/es-419/series/los-simpson/3ZoBZ52QHb4x
8|9|El misterioso viaje de Homer.|https://www.starplus.com/es-419/series/los-simpson/3ZoBZ52QHb4x
8|10|Los expedientes Springfield.|https://www.starplus.com/es-419/series/los-simpson/3ZoBZ52QHb4x
8|11|El retorcido mundo de Marge Simpson.|https://www.starplus.com/es-419/series/los-simpson/3ZoBZ52QHb4x
8|12|La montaña de la locura.|https://www.starplus.com/es-419/series/los-simpson/3ZoBZ52QHb4x
8|13|Simpsoncalifragilisticoespialid...¡oh!so.|https://www.starplus.com/es-419/series/los-simpson/3ZoBZ52QHb4x
8|14|El show de Pica y Rasca y Poochie.|https://www.starplus.com/es-419/series/los-simpson/3ZoBZ52QHb4x
8|15|Homer-fobia.|https://www.starplus.com/es-419/series/los-simpson/3ZoBZ52QHb4x
8|16|El hermano de otra serie.|https://www.starplus.com/es-419/series/los-simpson/3ZoBZ52QHb4x
8|17|Mi hermana, mi canguro.|https://www.starplus.com/es-419/series/los-simpson/3ZoBZ52QHb4x
8|18|Homer contra la decimoctava enmienda.|https://www.starplus.com/es-419/series/los-simpson/3ZoBZ52QHb4x
8|19|Escuela primaria confidencial.|https://www.starplus.com/es-419/series/los-simpson/3ZoBZ52QHb4x
8|20|El motín canino.|https://www.starplus.com/es-419/series/los-simpson/3ZoBZ52QHb4x
8|21|El viejo y Lisa.|https://www.starplus.com/es-419/series/los-simpson/3ZoBZ52QHb4x
8|22|En Marge, confiamos.|https://www.starplus.com/es-419/series/los-simpson/3ZoBZ52QHb4x
8|23|El enemigo de Homer.|https://www.starplus.com/es-419/series/los-simpson/3ZoBZ52QHb4x
8|24|Las series secuela de los Simpson.|https://www.starplus.com/es-419/series/los-simpson/3ZoBZ52QHb4x
8|25|La guerra secreta de Lisa Simpson.|https://www.starplus.com/es-419/series/los-simpson/3ZoBZ52QHb4x
9|1|La ciudad de Nueva York contra Homer Simpson.|https://www.starplus.com/es-419/series/los-simpson/3ZoBZ52QHb4x
9|2|El director y el pillo.|https://www.starplus.com/es-419/series/los-simpson/3ZoBZ52QHb4x
9|3|El saxo de Lisa.|https://www.starplus.com/es-419/series/los-simpson/3ZoBZ52QHb4x
9|4|La casa-árbol del terror VIII.|https://www.starplus.com/es-419/series/los-simpson/3ZoBZ52QHb4x
9|5|La familia Cartridge.|https://www.starplus.com/es-419/series/los-simpson/3ZoBZ52QHb4x
9|6|Bart star.|https://www.starplus.com/es-419/series/los-simpson/3ZoBZ52QHb4x
9|7|Las dos señoras Nahasapeemapetilon.|https://www.starplus.com/es-419/series/los-simpson/3ZoBZ52QHb4x
9|8|Lisa, la escéptica.|https://www.starplus.com/es-419/series/los-simpson/3ZoBZ52QHb4x
9|9|Bocados inmobiliarios.|https://www.starplus.com/es-419/series/los-simpson/3ZoBZ52QHb4x
9|10|El milagro de Evergreen Terrace.|https://www.starplus.com/es-419/series/los-simpson/3ZoBZ52QHb4x
9|11|Todo canciones, todo bailes.|https://www.starplus.com/es-419/series/los-simpson/3ZoBZ52QHb4x
9|12|Bart feriante.|https://www.starplus.com/es-419/series/los-simpson/3ZoBZ52QHb4x
9|13|La alegría de la secta.|https://www.starplus.com/es-419/series/los-simpson/3ZoBZ52QHb4x
9|14|Das Bus.|https://www.starplus.com/es-419/series/los-simpson/3ZoBZ52QHb4x
9|15|La última tentación de Krusty.|https://www.starplus.com/es-419/series/los-simpson/3ZoBZ52QHb4x
9|16|Boda indemnización.|https://www.starplus.com/es-419/series/los-simpson/3ZoBZ52QHb4x
9|17|Lisa, la Simpson.|https://www.starplus.com/es-419/series/los-simpson/3ZoBZ52QHb4x
9|18|El pequeño Wiggy.|https://www.starplus.com/es-419/series/los-simpson/3ZoBZ52QHb4x
9|19|La marea Simpson.|https://www.starplus.com/es-419/series/los-simpson/3ZoBZ52QHb4x
9|20|El problema con los trillones.|https://www.starplus.com/es-419/series/los-simpson/3ZoBZ52QHb4x
9|21|Edición aniñada.|https://www.starplus.com/es-419/series/los-simpson/3ZoBZ52QHb4x
9|22|Residuos titánicos.|https://www.starplus.com/es-419/series/los-simpson/3ZoBZ52QHb4x
9|23|El rey de la montaña.|https://www.starplus.com/es-419/series/los-simpson/3ZoBZ52QHb4x
9|24|Perdemos a nuestra Lisa.|https://www.starplus.com/es-419/series/los-simpson/3ZoBZ52QHb4x
9|25|Margie, ¿puedo acostarme con el peligro?|https://www.starplus.com/es-419/series/los-simpson/3ZoBZ52QHb4x
10|1|La grasa del baile.|https://www.starplus.com/es-419/series/los-simpson/3ZoBZ52QHb4x
10|2|El mago de Evergreen Terrace.|https://www.starplus.com/es-419/series/los-simpson/3ZoBZ52QHb4x
10|3|Bart, la madre.|https://www.starplus.com/es-419/series/los-simpson/3ZoBZ52QHb4x
10|4|La casa-árbol del terror IX.|https://www.starplus.com/es-419/series/los-simpson/3ZoBZ52QHb4x
10|5|Cuando criticas a una estrella.|https://www.starplus.com/es-419/series/los-simpson/3ZoBZ52QHb4x
10|6|¡Oh! En el viento.|https://www.starplus.com/es-419/series/los-simpson/3ZoBZ52QHb4x
10|7|Lisa obtiene una matrícula.|https://www.starplus.com/es-419/series/los-simpson/3ZoBZ52QHb4x
10|8|Homer Simpson en: 'Problemas de riñón'.|https://www.starplus.com/es-419/series/los-simpson/3ZoBZ52QHb4x
10|9|El alcalde y la mafia.|https://www.starplus.com/es-419/series/los-simpson/3ZoBZ52QHb4x
10|10|Viva Ned Flanders.|https://www.starplus.com/es-419/series/los-simpson/3ZoBZ52QHb4x
10|11|Los Barts salvajes no pueden romperse.|https://www.starplus.com/es-419/series/los-simpson/3ZoBZ52QHb4x
10|12|Domingo, horrible domingo.|https://www.starplus.com/es-419/series/los-simpson/3ZoBZ52QHb4x
10|13|Homer al máximo.|https://www.starplus.com/es-419/series/los-simpson/3ZoBZ52QHb4x
10|14|Apoyo a Cupido.|https://www.starplus.com/es-419/series/los-simpson/3ZoBZ52QHb4x
10|15|Marge Simpson en: 'Cólera al volante'.|https://www.starplus.com/es-419/series/los-simpson/3ZoBZ52QHb4x
10|16|Dejad sitio a Lisa.|https://www.starplus.com/es-419/series/los-simpson/3ZoBZ52QHb4x
10|17|Máximo Homer-esfuerzo.|https://www.starplus.com/es-419/series/los-simpson/3ZoBZ52QHb4x
10|18|Historias bíblicas de los Simpson.|https://www.starplus.com/es-419/series/los-simpson/3ZoBZ52QHb4x
10|19|Mamá y el arte de papá.|https://www.starplus.com/es-419/series/los-simpson/3ZoBZ52QHb4x
10|20|El viejo y el alumno insolente.|https://www.starplus.com/es-419/series/los-simpson/3ZoBZ52QHb4x
10|21|Monty no puede comprar mi amor.|https://www.starplus.com/es-419/series/los-simpson/3ZoBZ52QHb4x
10|22|Salvaron el cerebro de Lisa.|https://www.starplus.com/es-419/series/los-simpson/3ZoBZ52QHb4x
10|23|Treinta minutos sobre Tokio.|https://www.starplus.com/es-419/series/los-simpson/3ZoBZ52QHb4x
11|1|Más allá de la cúpula del fracaso.|https://www.starplus.com/es-419/series/los-simpson/3ZoBZ52QHb4x
11|2|La ayudita del hermano.|https://www.starplus.com/es-419/series/los-simpson/3ZoBZ52QHb4x
11|3|Adivina quién es el nuevo crítico de cocina.|https://www.starplus.com/es-419/series/los-simpson/3ZoBZ52QHb4x
11|4|La casa-árbol del terror X.|https://www.starplus.com/es-419/series/los-simpson/3ZoBZ52QHb4x
11|5|EEIEI (Gesto de disgusto).|https://www.starplus.com/es-419/series/los-simpson/3ZoBZ52QHb4x
11|6|Hola arroyo, adiós fama.|https://www.starplus.com/es-419/series/los-simpson/3ZoBZ52QHb4x
11|7|Ocho malcriados.|https://www.starplus.com/es-419/series/los-simpson/3ZoBZ52QHb4x
11|8|Llévate a mi mujer, sinvergüenza.|https://www.starplus.com/es-419/series/los-simpson/3ZoBZ52QHb4x
11|9|El timo de los Reyes Magos.|https://www.starplus.com/es-419/series/los-simpson/3ZoBZ52QHb4x
11|10|Pequeña gran mamá.|https://www.starplus.com/es-419/series/los-simpson/3ZoBZ52QHb4x
11|11|Cara fuera.|https://www.starplus.com/es-419/series/los-simpson/3ZoBZ52QHb4x
11|12|La familia mansión.|https://www.starplus.com/es-419/series/los-simpson/3ZoBZ52QHb4x
11|13|Jinetes galácticos.|https://www.starplus.com/es-419/series/los-simpson/3ZoBZ52QHb4x
11|14|Solito otra vez, naturalmente.|https://www.starplus.com/es-419/series/los-simpson/3ZoBZ52QHb4x
11|15|Misionero imposible.|https://www.starplus.com/es-419/series/los-simpson/3ZoBZ52QHb4x
11|16|Pigmoelión.|https://www.starplus.com/es-419/series/los-simpson/3ZoBZ52QHb4x
11|17|Bart al futuro.|https://www.starplus.com/es-419/series/los-simpson/3ZoBZ52QHb4x
11|18|Días de vino y suspiros.|https://www.starplus.com/es-419/series/los-simpson/3ZoBZ52QHb4x
11|19|Mata al cocodrilo y corre.|https://www.starplus.com/es-419/series/los-simpson/3ZoBZ52QHb4x
11|20|El último baile de claqué en Springfield.|https://www.starplus.com/es-419/series/los-simpson/3ZoBZ52QHb4x
11|21|Marge está loca, loca, loca, loca.|https://www.starplus.com/es-419/series/los-simpson/3ZoBZ52QHb4x
11|22|Detrás de las risas.|https://www.starplus.com/es-419/series/los-simpson/3ZoBZ52QHb4x
12|1|La casa-árbol del terror XI.|https://www.starplus.com/es-419/series/los-simpson/3ZoBZ52QHb4x
12|2|Historia de dos ciudades.|https://www.starplus.com/es-419/series/los-simpson/3ZoBZ52QHb4x
12|3|Papá payaso loco.|https://www.starplus.com/es-419/series/los-simpson/3ZoBZ52QHb4x
12|4|Lisa la ecologista.|https://www.starplus.com/es-419/series/los-simpson/3ZoBZ52QHb4x
12|5|Homer contra la dignidad.|https://www.starplus.com/es-419/series/los-simpson/3ZoBZ52QHb4x
12|6|El ordenador que acabó con Homer.|https://www.starplus.com/es-419/series/los-simpson/3ZoBZ52QHb4x
12|7|El gran timo.|https://www.starplus.com/es-419/series/los-simpson/3ZoBZ52QHb4x
12|8|Skinner y su concepto de un día de nieve.|https://www.starplus.com/es-419/series/los-simpson/3ZoBZ52QHb4x
12|9|HOMR.|https://www.starplus.com/es-419/series/los-simpson/3ZoBZ52QHb4x
12|10|Chiromami.|https://www.starplus.com/es-419/series/los-simpson/3ZoBZ52QHb4x
12|11|El peor episodio de la historia.|https://www.starplus.com/es-419/series/los-simpson/3ZoBZ52QHb4x
12|12|La amenaza del tenis.|https://www.starplus.com/es-419/series/los-simpson/3ZoBZ52QHb4x
12|13|La tierra de los simios.|https://www.starplus.com/es-419/series/los-simpson/3ZoBZ52QHb4x
12|14|Los nuevos chicos del ¡puaf!|https://www.starplus.com/es-419/series/los-simpson/3ZoBZ52QHb4x
12|15|El hambriento, hambriento Homer.|https://www.starplus.com/es-419/series/los-simpson/3ZoBZ52QHb4x
12|16|Hasta lueguito cerebrito.|https://www.starplus.com/es-419/series/los-simpson/3ZoBZ52QHb4x
12|17|El safari de los Simpson.|https://www.starplus.com/es-419/series/los-simpson/3ZoBZ52QHb4x
12|18|Trilogía del error.|https://www.starplus.com/es-419/series/los-simpson/3ZoBZ52QHb4x
12|19|Nos vamos a Jubilandia.|https://www.starplus.com/es-419/series/los-simpson/3ZoBZ52QHb4x
12|20|Hijos de un bruto menor.|https://www.starplus.com/es-419/series/los-simpson/3ZoBZ52QHb4x
12|21|Cuentos populares.|https://www.starplus.com/es-419/series/los-simpson/3ZoBZ52QHb4x
13|1|La casa-árbol del terror XII.|https://www.starplus.com/es-419/series/los-simpson/3ZoBZ52QHb4x
13|2|Tú al correccional y yo a la cárcel.|https://www.starplus.com/es-419/series/los-simpson/3ZoBZ52QHb4x
13|3|Homer, el Moe.|https://www.starplus.com/es-419/series/los-simpson/3ZoBZ52QHb4x
13|4|Burns enamorado.|https://www.starplus.com/es-419/series/los-simpson/3ZoBZ52QHb4x
13|5|Aquellos patosos años.|https://www.starplus.com/es-419/series/los-simpson/3ZoBZ52QHb4x
13|6|Ella de poca fe.|https://www.starplus.com/es-419/series/los-simpson/3ZoBZ52QHb4x
13|7|Discusión familiar.|https://www.starplus.com/es-419/series/los-simpson/3ZoBZ52QHb4x
13|8|Marge agridulce.|https://www.starplus.com/es-419/series/los-simpson/3ZoBZ52QHb4x
13|9|En mandíbula cerrada...|https://www.starplus.com/es-419/series/los-simpson/3ZoBZ52QHb4x
13|10|Proposición semidecente.|https://www.starplus.com/es-419/series/los-simpson/3ZoBZ52QHb4x
13|11|Bart quiere lo que quiere.|https://www.starplus.com/es-419/series/los-simpson/3ZoBZ52QHb4x
13|12|El último rifle del oeste.|https://www.starplus.com/es-419/series/los-simpson/3ZoBZ52QHb4x
13|13|El viejo y la llave.|https://www.starplus.com/es-419/series/los-simpson/3ZoBZ52QHb4x
13|14|Historias de dominio público.|https://www.starplus.com/es-419/series/los-simpson/3ZoBZ52QHb4x
13|15|La culpa es de Lisa.|https://www.starplus.com/es-419/series/los-simpson/3ZoBZ52QHb4x
13|16|Este Burns está muy vivo.|https://www.starplus.com/es-419/series/los-simpson/3ZoBZ52QHb4x
13|17|Homenaje a una vida.|https://www.starplus.com/es-419/series/los-simpson/3ZoBZ52QHb4x
13|18|Estoy verde de rabia.|https://www.starplus.com/es-419/series/los-simpson/3ZoBZ52QHb4x
13|19|El Apu más dulce.|https://www.starplus.com/es-419/series/los-simpson/3ZoBZ52QHb4x
13|20|Niña pequeña en gran liga.|https://www.starplus.com/es-419/series/los-simpson/3ZoBZ52QHb4x
13|21|El juego de la silla.|https://www.starplus.com/es-419/series/los-simpson/3ZoBZ52QHb4x
13|22|Papá tiene una placa nueva.|https://www.starplus.com/es-419/series/los-simpson/3ZoBZ52QHb4x
14|1|La casa-árbol del terror XIII.|https://www.starplus.com/es-419/series/los-simpson/3ZoBZ52QHb4x
14|2|Cómo rocanroleé en mis vacaciones de verano.|https://www.starplus.com/es-419/series/los-simpson/3ZoBZ52QHb4x
14|3|Bart contra Lisa contra tercero de primaria.|https://www.starplus.com/es-419/series/los-simpson/3ZoBZ52QHb4x
14|4|Marge la pechugona.|https://www.starplus.com/es-419/series/los-simpson/3ZoBZ52QHb4x
14|5|Buscando refugio desesperadamente.|https://www.starplus.com/es-419/series/los-simpson/3ZoBZ52QHb4x
14|6|El matón superdetective.|https://www.starplus.com/es-419/series/los-simpson/3ZoBZ52QHb4x
14|7|Edna especial.|https://www.starplus.com/es-419/series/los-simpson/3ZoBZ52QHb4x
14|8|El padre que sabía demasiado poco.|https://www.starplus.com/es-419/series/los-simpson/3ZoBZ52QHb4x
14|9|Los fuertes brazos de la madre.|https://www.starplus.com/es-419/series/los-simpson/3ZoBZ52QHb4x
14|10|Reza lo que sepas.|https://www.starplus.com/es-419/series/los-simpson/3ZoBZ52QHb4x
14|11|Bartir de cero.|https://www.starplus.com/es-419/series/los-simpson/3ZoBZ52QHb4x
14|12|Deletreo lo más rápido que puedo.|https://www.starplus.com/es-419/series/los-simpson/3ZoBZ52QHb4x
14|13|Ha renacido una estrella.|https://www.starplus.com/es-419/series/los-simpson/3ZoBZ52QHb4x
14|14|Krusty, caballero sin espada.|https://www.starplus.com/es-419/series/los-simpson/3ZoBZ52QHb4x
14|15|Presidente ejecutivo... ¡Jo!.|https://www.starplus.com/es-419/series/los-simpson/3ZoBZ52QHb4x
14|16|Perdonad si añoro el cielo.|https://www.starplus.com/es-419/series/los-simpson/3ZoBZ52QHb4x
14|17|Los tres gays del bloque.|https://www.starplus.com/es-419/series/los-simpson/3ZoBZ52QHb4x
14|18|Colega, ¿dónde está mi rancho?.|https://www.starplus.com/es-419/series/los-simpson/3ZoBZ52QHb4x
14|19|Mi fiel cobardica.|https://www.starplus.com/es-419/series/los-simpson/3ZoBZ52QHb4x
14|20|Frene a mi mujer.|https://www.starplus.com/es-419/series/los-simpson/3ZoBZ52QHb4x
14|21|Bart bélico.|https://www.starplus.com/es-419/series/los-simpson/3ZoBZ52QHb4x
14|22|Moe y el blues del bebé.|https://www.starplus.com/es-419/series/los-simpson/3ZoBZ52QHb4x
15|1|La casa-árbol del terror XIV.|https://www.starplus.com/es-419/series/los-simpson/3ZoBZ52QHb4x
15|2|Mi madre, la asaltacoches.|https://www.starplus.com/es-419/series/los-simpson/3ZoBZ52QHb4x
15|3|La presidente llevaba perlas.|https://www.starplus.com/es-419/series/los-simpson/3ZoBZ52QHb4x
15|4|Los monólogos de la regina.|https://www.starplus.com/es-419/series/los-simpson/3ZoBZ52QHb4x
15|5|El gordo y el peludo.|https://www.starplus.com/es-419/series/los-simpson/3ZoBZ52QHb4x
15|6|Hoy ya soy un payaso.|https://www.starplus.com/es-419/series/los-simpson/3ZoBZ52QHb4x
15|7|Ya llegó la decimoquinta temporada.|https://www.starplus.com/es-419/series/los-simpson/3ZoBZ52QHb4x
15|8|Marge contra solteros, ancianos, parejas sin hijos, adolescentes y gais.|https://www.starplus.com/es-419/series/los-simpson/3ZoBZ52QHb4x
15|9|Yo, (Gesto de disgusto)-bot.|https://www.starplus.com/es-419/series/los-simpson/3ZoBZ52QHb4x
15|10|Diatriba de una ama de casa loca.|https://www.starplus.com/es-419/series/los-simpson/3ZoBZ52QHb4x
15|11|Margica gira histórica.|https://www.starplus.com/es-419/series/los-simpson/3ZoBZ52QHb4x
15|12|Milhouse ya no vive aquí.|https://www.starplus.com/es-419/series/los-simpson/3ZoBZ52QHb4x
15|13|Dos listas muy listas.|https://www.starplus.com/es-419/series/los-simpson/3ZoBZ52QHb4x
15|14|El Ziff que viene a cenar.|https://www.starplus.com/es-419/series/los-simpson/3ZoBZ52QHb4x
15|15|El día de la codependencia.|https://www.starplus.com/es-419/series/los-simpson/3ZoBZ52QHb4x
15|16|El crío errante.|https://www.starplus.com/es-419/series/los-simpson/3ZoBZ52QHb4x
15|17|Mi gran boda empollona.|https://www.starplus.com/es-419/series/los-simpson/3ZoBZ52QHb4x
15|18|Atrápalos si puedes.|https://www.starplus.com/es-419/series/los-simpson/3ZoBZ52QHb4x
15|19|Simpson el simplón.|https://www.starplus.com/es-419/series/los-simpson/3ZoBZ52QHb4x
15|20|Tal como no éramos.|https://www.starplus.com/es-419/series/los-simpson/3ZoBZ52QHb4x
15|21|Bandera Bart-Estrellada.|https://www.starplus.com/es-419/series/los-simpson/3ZoBZ52QHb4x
15|22|Al filo del panfleto.|https://www.starplus.com/es-419/series/los-simpson/3ZoBZ52QHb4x
16|1|La casa-árbol del terror XV.|https://www.starplus.com/es-419/series/los-simpson/3ZoBZ52QHb4x
16|2|Todo vale en el horno y en la guerra.|https://www.starplus.com/es-419/series/los-simpson/3ZoBZ52QHb4x
16|3|Durmiendo con el enemigo.|https://www.starplus.com/es-419/series/los-simpson/3ZoBZ52QHb4x
16|4|Ella era mi chica.|https://www.starplus.com/es-419/series/los-simpson/3ZoBZ52QHb4x
16|5|Hombre gordo y niño pequeño.|https://www.starplus.com/es-419/series/los-simpson/3ZoBZ52QHb4x
16|6|Recetas de medianoche.|https://www.starplus.com/es-419/series/los-simpson/3ZoBZ52QHb4x
16|7|Tabernísima mama.|https://www.starplus.com/es-419/series/los-simpson/3ZoBZ52QHb4x
16|8|El pase desespiadoso de Homer y Ned.|https://www.starplus.com/es-419/series/los-simpson/3ZoBZ52QHb4x
16|9|Rapto-Rap.|https://www.starplus.com/es-419/series/los-simpson/3ZoBZ52QHb4x
16|10|Casarse tiene algo.|https://www.starplus.com/es-419/series/los-simpson/3ZoBZ52QHb4x
16|11|Cuando el día está claro no veo a mi hermana.|https://www.starplus.com/es-419/series/los-simpson/3ZoBZ52QHb4x
16|12|Gugu Gai Pan.|https://www.starplus.com/es-419/series/los-simpson/3ZoBZ52QHb4x
16|13|Homer-móvil.|https://www.starplus.com/es-419/series/los-simpson/3ZoBZ52QHb4x
16|14|El soplón vive arriba.|https://www.starplus.com/es-419/series/los-simpson/3ZoBZ52QHb4x
16|15|Futur-drama.|https://www.starplus.com/es-419/series/los-simpson/3ZoBZ52QHb4x
16|16|No temas al techador.|https://www.starplus.com/es-419/series/los-simpson/3ZoBZ52QHb4x
16|17|El chico del corazón roto.|https://www.starplus.com/es-419/series/los-simpson/3ZoBZ52QHb4x
16|18|Se ha lucido una estrella.|https://www.starplus.com/es-419/series/los-simpson/3ZoBZ52QHb4x
16|19|Gracias a Dios que es el día del juicio final.|https://www.starplus.com/es-419/series/los-simpson/3ZoBZ52QHb4x
16|20|Hogar sin Homer.|https://www.starplus.com/es-419/series/los-simpson/3ZoBZ52QHb4x
16|21|El padre, el hijo y el espíritu invitado.|https://www.starplus.com/es-419/series/los-simpson/3ZoBZ52QHb4x
17|1|La hoguera de los manatíes.|https://www.starplus.com/es-419/series/los-simpson/3ZoBZ52QHb4x
17|2|La niña que dormía demasiado poco.|https://www.starplus.com/es-419/series/los-simpson/3ZoBZ52QHb4x
17|3|Milhouse de arena y niebla.|https://www.starplus.com/es-419/series/los-simpson/3ZoBZ52QHb4x
17|4|La casa-árbol del terror XVI.|https://www.starplus.com/es-419/series/los-simpson/3ZoBZ52QHb4x
17|5|El envenenamiento del hijo de Marge.|https://www.starplus.com/es-419/series/los-simpson/3ZoBZ52QHb4x
17|6|Homer a la carrera.|https://www.starplus.com/es-419/series/los-simpson/3ZoBZ52QHb4x
17|7|Las últimas mamás sombrero rojo.|https://www.starplus.com/es-419/series/los-simpson/3ZoBZ52QHb4x
17|8|El Bob italiano.|https://www.starplus.com/es-419/series/los-simpson/3ZoBZ52QHb4x
17|9|Cuentos de Navidad de Los Simpson.|https://www.starplus.com/es-419/series/los-simpson/3ZoBZ52QHb4x
17|10|La prueba de paternidad de Homer.|https://www.starplus.com/es-419/series/los-simpson/3ZoBZ52QHb4x
17|11|Camino a Oj-ninguna parte.|https://www.starplus.com/es-419/series/los-simpson/3ZoBZ52QHb4x
17|12|Mi bella damita.|https://www.starplus.com/es-419/series/los-simpson/3ZoBZ52QHb4x
17|13|La historia aparentemente interminable.|https://www.starplus.com/es-419/series/los-simpson/3ZoBZ52QHb4x
17|14|Bart tiene dos mamás.|https://www.starplus.com/es-419/series/los-simpson/3ZoBZ52QHb4x
17|15|Homer Simpson, ésta es su esposa.|https://www.starplus.com/es-419/series/los-simpson/3ZoBZ52QHb4x
17|16|Million Dollar Abie.|https://www.starplus.com/es-419/series/los-simpson/3ZoBZ52QHb4x
17|17|Kiss Kiss Bang Bangalore.|https://www.starplus.com/es-419/series/los-simpson/3ZoBZ52QHb4x
17|18|La historia más húmeda jamás contada.|https://www.starplus.com/es-419/series/los-simpson/3ZoBZ52QHb4x
17|19|Las chicas solo quieren sumar.|https://www.starplus.com/es-419/series/los-simpson/3ZoBZ52QHb4x
17|20|A propósito de Marge.|https://www.starplus.com/es-419/series/los-simpson/3ZoBZ52QHb4x
17|21|El hombre mono.|https://www.starplus.com/es-419/series/los-simpson/3ZoBZ52QHb4x
17|22|Marge, Homer y el deporte en pareja.|https://www.starplus.com/es-419/series/los-simpson/3ZoBZ52QHb4x
18|1|El cocinero, el bribón, la mujer y su Homer.|https://www.starplus.com/es-419/series/los-simpson/3ZoBZ52QHb4x
18|2|Jazzy y los melódicos.|https://www.starplus.com/es-419/series/los-simpson/3ZoBZ52QHb4x
18|3|Por favor, Homer, no des ni clavo.|https://www.starplus.com/es-419/series/los-simpson/3ZoBZ52QHb4x
18|4|La casa-árbol del terror XVII.|https://www.starplus.com/es-419/series/los-simpson/3ZoBZ52QHb4x
18|5|Recluta, ¡jo!|https://www.starplus.com/es-419/series/los-simpson/3ZoBZ52QHb4x
18|6|Moe, no Lisa.|https://www.starplus.com/es-419/series/los-simpson/3ZoBZ52QHb4x
18|7|Helado de Margie (con cabello azul claro).|https://www.starplus.com/es-419/series/los-simpson/3ZoBZ52QHb4x
18|8|La pareja Ja Ja.|https://www.starplus.com/es-419/series/los-simpson/3ZoBZ52QHb4x
18|9|Kill Gil, volúmenes 1 y 2.|https://www.starplus.com/es-419/series/los-simpson/3ZoBZ52QHb4x
18|10|Esposa acuática.|https://www.starplus.com/es-419/series/los-simpson/3ZoBZ52QHb4x
18|11|La venganza es un plato que se sirve tres veces.|https://www.starplus.com/es-419/series/los-simpson/3ZoBZ52QHb4x
18|12|Pequeña gran niña.|https://www.starplus.com/es-419/series/los-simpson/3ZoBZ52QHb4x
18|13|Crecer en Springfield.|https://www.starplus.com/es-419/series/los-simpson/3ZoBZ52QHb4x
18|14|Cuerdas gañanes.|https://www.starplus.com/es-419/series/los-simpson/3ZoBZ52QHb4x
18|15|Rofeo y Jumenta.|https://www.starplus.com/es-419/series/los-simpson/3ZoBZ52QHb4x
18|16|Homerazzi.|https://www.starplus.com/es-419/series/los-simpson/3ZoBZ52QHb4x
18|17|Marge virtual.|https://www.starplus.com/es-419/series/los-simpson/3ZoBZ52QHb4x
18|18|Chicos de asco.|https://www.starplus.com/es-419/series/los-simpson/3ZoBZ52QHb4x
18|19|Granujas y escaleras.|https://www.starplus.com/es-419/series/los-simpson/3ZoBZ52QHb4x
18|20|¡Alto!, o mi perro dispara.|https://www.starplus.com/es-419/series/los-simpson/3ZoBZ52QHb4x
18|21|24 minutos.|https://www.starplus.com/es-419/series/los-simpson/3ZoBZ52QHb4x
18|22|Kent no siempre puede decir lo que quiere.|https://www.starplus.com/es-419/series/los-simpson/3ZoBZ52QHb4x
19|1|¡Le gusta volar, jo!|https://www.starplus.com/es-419/series/los-simpson/3ZoBZ52QHb4x
19|2|El Hamero de Sevilla.|https://www.starplus.com/es-419/series/los-simpson/3ZoBZ52QHb4x
19|3|Grúa-boy de medianoche.|https://www.starplus.com/es-419/series/los-simpson/3ZoBZ52QHb4x
19|4|Yo no quiero saber por qué canta el pájaro enjaulado.|https://www.starplus.com/es-419/series/los-simpson/3ZoBZ52QHb4x
19|5|La casa-árbol del terror XVIII.|https://www.starplus.com/es-419/series/los-simpson/3ZoBZ52QHb4x
19|6|Mili, el huerfanito.|https://www.starplus.com/es-419/series/los-simpson/3ZoBZ52QHb4x
19|7|Maridos y cuchilladas.|https://www.starplus.com/es-419/series/los-simpson/3ZoBZ52QHb4x
19|8|Funeral por un enemigo.|https://www.starplus.com/es-419/series/los-simpson/3ZoBZ52QHb4x
19|9|Eterno estupor de una mente Simpson.|https://www.starplus.com/es-419/series/los-simpson/3ZoBZ52QHb4x
19|10|E Pluribu Wiggum.|https://www.starplus.com/es-419/series/los-simpson/3ZoBZ52QHb4x
19|11|El show de los 90.|https://www.starplus.com/es-419/series/los-simpson/3ZoBZ52QHb4x
19|12|Amor al estilo Springfieldiano.|https://www.starplus.com/es-419/series/los-simpson/3ZoBZ52QHb4x
19|13|Infilbartado.|https://www.starplus.com/es-419/series/los-simpson/3ZoBZ52QHb4x
19|14|Ñoño-crimen perfecto.|https://www.starplus.com/es-419/series/los-simpson/3ZoBZ52QHb4x
19|15|Hija ahumada.|https://www.starplus.com/es-419/series/los-simpson/3ZoBZ52QHb4x
19|16|Papá, no me chupes la sangre.|https://www.starplus.com/es-419/series/los-simpson/3ZoBZ52QHb4x
19|17|Apocalipsis mu.|https://www.starplus.com/es-419/series/los-simpson/3ZoBZ52QHb4x
19|18|Un Sundance cualquiera.|https://www.starplus.com/es-419/series/los-simpson/3ZoBZ52QHb4x
19|19|Mona lisamente.|https://www.starplus.com/es-419/series/los-simpson/3ZoBZ52QHb4x
19|20|Lisa al desnudo.|https://www.starplus.com/es-419/series/los-simpson/3ZoBZ52QHb4x
20|1|Sexo, confiteras y pintas de idiota.|https://www.starplus.com/es-419/series/los-simpson/3ZoBZ52QHb4x
20|2|Móviles lejanos.|https://www.starplus.com/es-419/series/los-simpson/3ZoBZ52QHb4x
20|3|Doble, doble, niño zozobra.|https://www.starplus.com/es-419/series/los-simpson/3ZoBZ52QHb4x
20|4|La casa-árbol del terror XIX.|https://www.starplus.com/es-419/series/los-simpson/3ZoBZ52QHb4x
20|5|Curvas peligrosas.|https://www.starplus.com/es-419/series/los-simpson/3ZoBZ52QHb4x
20|6|Homer y Lisa tienen unas palabras.|https://www.starplus.com/es-419/series/los-simpson/3ZoBZ52QHb4x
20|7|Mypods y cartuchos de dinamita.|https://www.starplus.com/es-419/series/los-simpson/3ZoBZ52QHb4x
20|8|Burns y las abejas.|https://www.starplus.com/es-419/series/los-simpson/3ZoBZ52QHb4x
20|9|Lisa, la reina del drama.|https://www.starplus.com/es-419/series/los-simpson/3ZoBZ52QHb4x
20|10|Quíteme la vida, por favor.|https://www.starplus.com/es-419/series/los-simpson/3ZoBZ52QHb4x
20|11|La conquista del examen.|https://www.starplus.com/es-419/series/los-simpson/3ZoBZ52QHb4x
20|12|Sin crédito de nuevo, naturalmente.|https://www.starplus.com/es-419/series/los-simpson/3ZoBZ52QHb4x
20|13|Adiós, Maggie, adiós.|https://www.starplus.com/es-419/series/los-simpson/3ZoBZ52QHb4x
20|14|En el nombre del abuelo.|https://www.starplus.com/es-419/series/los-simpson/3ZoBZ52QHb4x
20|15|Una boda abonada para el desastre.|https://www.starplus.com/es-419/series/los-simpson/3ZoBZ52QHb4x
20|16|Un don din de la maya mayita Moe.|https://www.starplus.com/es-419/series/los-simpson/3ZoBZ52QHb4x
20|17|El bueno, el triste y la drogata.|https://www.starplus.com/es-419/series/los-simpson/3ZoBZ52QHb4x
20|18|Un padre nunca tiene razón.|https://www.starplus.com/es-419/series/los-simpson/3ZoBZ52QHb4x
20|19|Sensación de morir, jo.|https://www.starplus.com/es-419/series/los-simpson/3ZoBZ52QHb4x
20|20|Cuatro grandes mujeres y una manicura.|https://www.starplus.com/es-419/series/los-simpson/3ZoBZ52QHb4x
20|21|Nos vamos a Homerica.|https://www.starplus.com/es-419/series/los-simpson/3ZoBZ52QHb4x
21|1|El Súper Homer.|https://www.starplus.com/es-419/series/los-simpson/3ZoBZ52QHb4x
21|2|Bart, cero en conducta.|https://www.starplus.com/es-419/series/los-simpson/3ZoBZ52QHb4x
21|3|La gran esperanza esposa.|https://www.starplus.com/es-419/series/los-simpson/3ZoBZ52QHb4x
21|4|La casa-árbol del terror XX.|https://www.starplus.com/es-419/series/los-simpson/3ZoBZ52QHb4x
21|5|El diablo viste de nada.|https://www.starplus.com/es-419/series/los-simpson/3ZoBZ52QHb4x
21|6|Burlas y verdes.|https://www.starplus.com/es-419/series/los-simpson/3ZoBZ52QHb4x
21|7|La bruja bravata.|https://www.starplus.com/es-419/series/los-simpson/3ZoBZ52QHb4x
21|8|Oh hermano, ¿dónde estás?|https://www.starplus.com/es-419/series/los-simpson/3ZoBZ52QHb4x
21|9|Jueves con mi viejo abuelo.|https://www.starplus.com/es-419/series/los-simpson/3ZoBZ52QHb4x
21|10|Érase una vez en Springfield.|https://www.starplus.com/es-419/series/los-simpson/3ZoBZ52QHb4x
21|11|Million Dollar Homi.|https://www.starplus.com/es-419/series/los-simpson/3ZoBZ52QHb4x
21|12|Chico conoce a Curling.|https://www.starplus.com/es-419/series/los-simpson/3ZoBZ52QHb4x
21|13|El color amarillo.|https://www.starplus.com/es-419/series/los-simpson/3ZoBZ52QHb4x
21|14|Postales de la polémica.|https://www.starplus.com/es-419/series/los-simpson/3ZoBZ52QHb4x
21|15|Picos robados.|https://www.starplus.com/es-419/series/los-simpson/3ZoBZ52QHb4x
21|16|La historia más grande jamás JO.|https://www.starplus.com/es-419/series/los-simpson/3ZoBZ52QHb4x
21|17|Historia Americana X-celente.|https://www.starplus.com/es-419/series/los-simpson/3ZoBZ52QHb4x
21|18|Jefe de corazones.|https://www.starplus.com/es-419/series/los-simpson/3ZoBZ52QHb4x
21|19|La chiquita y la ballena.|https://www.starplus.com/es-419/series/los-simpson/3ZoBZ52QHb4x
21|20|Vigilancia con amor.|https://www.starplus.com/es-419/series/los-simpson/3ZoBZ52QHb4x
21|21|Cuanto más Moe, mejor.|https://www.starplus.com/es-419/series/los-simpson/3ZoBZ52QHb4x
21|22|El Bob de al lado.|https://www.starplus.com/es-419/series/los-simpson/3ZoBZ52QHb4x
21|23|Júzgame con ternura.|https://www.starplus.com/es-419/series/los-simpson/3ZoBZ52QHb4x
22|1|El Musical de primaria.|https://www.starplus.com/es-419/series/los-simpson/3ZoBZ52QHb4x
22|2|Dona Lisa.|https://www.starplus.com/es-419/series/los-simpson/3ZoBZ52QHb4x
22|3|EstadisticBart.|https://www.starplus.com/es-419/series/los-simpson/3ZoBZ52QHb4x
22|4|La casa-árbol del terror XXI.|https://www.starplus.com/es-419/series/los-simpson/3ZoBZ52QHb4x
22|5|Lisa Simpson, ésta no es tu vida.|https://www.starplus.com/es-419/series/los-simpson/3ZoBZ52QHb4x
22|6|Tonti Monty.|https://www.starplus.com/es-419/series/los-simpson/3ZoBZ52QHb4x
22|7|¿Está muy mordida esa palomita?|https://www.starplus.com/es-419/series/los-simpson/3ZoBZ52QHb4x
22|8|La pelea antes de Navidad.|https://www.starplus.com/es-419/series/los-simpson/3ZoBZ52QHb4x
22|9|El topo gordo.|https://www.starplus.com/es-419/series/los-simpson/3ZoBZ52QHb4x
22|10|Mamás a las que me gustaría olvidar.|https://www.starplus.com/es-419/series/los-simpson/3ZoBZ52QHb4x
22|11|Plumífero Moe.|https://www.starplus.com/es-419/series/los-simpson/3ZoBZ52QHb4x
22|12|Homer, el padre.|https://www.starplus.com/es-419/series/los-simpson/3ZoBZ52QHb4x
22|13|El azul y el gris.|https://www.starplus.com/es-419/series/los-simpson/3ZoBZ52QHb4x
22|14|Papá rabioso: La película.|https://www.starplus.com/es-419/series/los-simpson/3ZoBZ52QHb4x
22|15|El cuento del escorpión.|https://www.starplus.com/es-419/series/los-simpson/3ZoBZ52QHb4x
22|16|El sueño de una noche guay de verano.|https://www.starplus.com/es-419/series/los-simpson/3ZoBZ52QHb4x
22|17|El amor es estranguloso.|https://www.starplus.com/es-419/series/los-simpson/3ZoBZ52QHb4x
22|18|La Gran Simpsina.|https://www.starplus.com/es-419/series/los-simpson/3ZoBZ52QHb4x
22|19|Las verdaderas esposas de Tony el Gordo.|https://www.starplus.com/es-419/series/los-simpson/3ZoBZ52QHb4x
22|20|Homer manostijeras.|https://www.starplus.com/es-419/series/los-simpson/3ZoBZ52QHb4x
22|21|500 llaves.|https://www.starplus.com/es-419/series/los-simpson/3ZoBZ52QHb4x
22|22|La captura más nédlica.|https://www.starplus.com/es-419/series/los-simpson/3ZoBZ52QHb4x
23|1|El juego del halcón y el hombre, ¡jo!|https://www.starplus.com/es-419/series/los-simpson/3ZoBZ52QHb4x
23|2|Bart se detiene a oler los Roosevelts.|https://www.starplus.com/es-419/series/los-simpson/3ZoBZ52QHb4x
23|3|La casa-árbol del terror XXII.|https://www.starplus.com/es-419/series/los-simpson/3ZoBZ52QHb4x
23|4|Reemplazable tú.|https://www.starplus.com/es-419/series/los-simpson/3ZoBZ52QHb4x
23|5|La gastroesposa.|https://www.starplus.com/es-419/series/los-simpson/3ZoBZ52QHb4x
23|6|La misión del libro.|https://www.starplus.com/es-419/series/los-simpson/3ZoBZ52QHb4x
23|7|El hombre de los pantalones azules.|https://www.starplus.com/es-419/series/los-simpson/3ZoBZ52QHb4x
23|8|La solución al diez por ciento.|https://www.starplus.com/es-419/series/los-simpson/3ZoBZ52QHb4x
23|9|Fiestas de un futuro pasado.|https://www.starplus.com/es-419/series/los-simpson/3ZoBZ52QHb4x
23|10|Políticamente inepto, con Homer Simpson.|https://www.starplus.com/es-419/series/los-simpson/3ZoBZ52QHb4x
23|11|La red jo-cial.|https://www.starplus.com/es-419/series/los-simpson/3ZoBZ52QHb4x
23|12|Moe a todo trapo.|https://www.starplus.com/es-419/series/los-simpson/3ZoBZ52QHb4x
23|13|La hija también despierta.|https://www.starplus.com/es-419/series/los-simpson/3ZoBZ52QHb4x
23|14|¡Por fin se marchan!|https://www.starplus.com/es-419/series/los-simpson/3ZoBZ52QHb4x
23|15|Salida por el badulaque.|https://www.starplus.com/es-419/series/los-simpson/3ZoBZ52QHb4x
23|16|Cómo mojé a vuestra madre.|https://www.starplus.com/es-419/series/los-simpson/3ZoBZ52QHb4x
23|17|Ellos, Robot.|https://www.starplus.com/es-419/series/los-simpson/3ZoBZ52QHb4x
23|18|Cuidado con mi tramposo Bart.|https://www.starplus.com/es-419/series/los-simpson/3ZoBZ52QHb4x
23|19|Una cosa divertidísima que Bart no volverá a hacer.|https://www.starplus.com/es-419/series/los-simpson/3ZoBZ52QHb4x
23|20|El espía que me enseñó.|https://www.starplus.com/es-419/series/los-simpson/3ZoBZ52QHb4x
23|21|La unión de Ned y Edna.|https://www.starplus.com/es-419/series/los-simpson/3ZoBZ52QHb4x
23|22|Lisa está Gaga.|https://www.starplus.com/es-419/series/los-simpson/3ZoBZ52QHb4x
24|1|Ríos de alcohol.|https://www.starplus.com/es-419/series/los-simpson/3ZoBZ52QHb4x
24|2|La casa-árbol del terror XXIII.|https://www.starplus.com/es-419/series/los-simpson/3ZoBZ52QHb4x
24|3|Aventuras en buscabebés.|https://www.starplus.com/es-419/series/los-simpson/3ZoBZ52QHb4x
24|4|Adiós, Abie, adiós.|https://www.starplus.com/es-419/series/los-simpson/3ZoBZ52QHb4x
24|5|Penny-Wiseguys.|https://www.starplus.com/es-419/series/los-simpson/3ZoBZ52QHb4x
24|6|Un árbol crece en Springfield.|https://www.starplus.com/es-419/series/los-simpson/3ZoBZ52QHb4x
24|7|El día en que Springfield se enrolló.|https://www.starplus.com/es-419/series/los-simpson/3ZoBZ52QHb4x
24|8|A mi chucho, con amor.|https://www.starplus.com/es-419/series/los-simpson/3ZoBZ52QHb4x
24|9|Homer va a la escuela preparacionista.|https://www.starplus.com/es-419/series/los-simpson/3ZoBZ52QHb4x
24|10|Un examen antes de esforzarse.|https://www.starplus.com/es-419/series/los-simpson/3ZoBZ52QHb4x
24|11|El cambio de la guarda y custodia.|https://www.starplus.com/es-419/series/los-simpson/3ZoBZ52QHb4x
24|12|El amor es una cosa hecha añicos.|https://www.starplus.com/es-419/series/los-simpson/3ZoBZ52QHb4x
24|13|Pequeño gran Kirk.|https://www.starplus.com/es-419/series/los-simpson/3ZoBZ52QHb4x
24|14|El abuelo, seductor.|https://www.starplus.com/es-419/series/los-simpson/3ZoBZ52QHb4x
24|15|Ojo morado, por favor.|https://www.starplus.com/es-419/series/los-simpson/3ZoBZ52QHb4x
24|16|El juicio del caballero oscuro.|https://www.starplus.com/es-419/series/los-simpson/3ZoBZ52QHb4x
24|17|¿Qué quieren las mujeres de dibujos animados?|https://www.starplus.com/es-419/series/los-simpson/3ZoBZ52QHb4x
24|18|Fricción en el púlpito.|https://www.starplus.com/es-419/series/los-simpson/3ZoBZ52QHb4x
24|19|Licor de riesgo.|https://www.starplus.com/es-419/series/los-simpson/3ZoBZ52QHb4x
24|20|El fabuloso farsante.|https://www.starplus.com/es-419/series/los-simpson/3ZoBZ52QHb4x
24|21|La saga de Carl.|https://www.starplus.com/es-419/series/los-simpson/3ZoBZ52QHb4x
24|22|Engaños en un tren.|https://www.starplus.com/es-419/series/los-simpson/3ZoBZ52QHb4x
25|1|Homerland.|https://www.starplus.com/es-419/series/los-simpson/3ZoBZ52QHb4x
25|2|La casa-árbol de terror XXIV.|https://www.starplus.com/es-419/series/los-simpson/3ZoBZ52QHb4x
25|3|Cuatro arrepentimientos y un funeral.|https://www.starplus.com/es-419/series/los-simpson/3ZoBZ52QHb4x
25|4|Solo se vive una vez.|https://www.starplus.com/es-419/series/los-simpson/3ZoBZ52QHb4x
25|5|Un trabajo embarazoso.|https://www.starplus.com/es-419/series/los-simpson/3ZoBZ52QHb4x
25|6|La niña es de derechas.|https://www.starplus.com/es-419/series/los-simpson/3ZoBZ52QHb4x
25|7|Subterfugio amarillo.|https://www.starplus.com/es-419/series/los-simpson/3ZoBZ52QHb4x
25|8|El blues de la blanca Navidad.|https://www.starplus.com/es-419/series/los-simpson/3ZoBZ52QHb4x
25|9|Roba este episodio.|https://www.starplus.com/es-419/series/los-simpson/3ZoBZ52QHb4x
25|10|Casada con la masa.|https://www.starplus.com/es-419/series/los-simpson/3ZoBZ52QHb4x
25|11|Solo para sus ojos.|https://www.starplus.com/es-419/series/los-simpson/3ZoBZ52QHb4x
25|12|Diggs.|https://www.starplus.com/es-419/series/los-simpson/3ZoBZ52QHb4x
25|13|El hombre que crecía demasiado.|https://www.starplus.com/es-419/series/los-simpson/3ZoBZ52QHb4x
25|14|El invierno de su ventura.|https://www.starplus.com/es-419/series/los-simpson/3ZoBZ52QHb4x
25|15|La guerra del arte.|https://www.starplus.com/es-419/series/los-simpson/3ZoBZ52QHb4x
25|16|No tienes que vivir como un árbitro.|https://www.starplus.com/es-419/series/los-simpson/3ZoBZ52QHb4x
25|17|Luca$.|https://www.starplus.com/es-419/series/los-simpson/3ZoBZ52QHb4x
25|18|Días de futuro futuro.|https://www.starplus.com/es-419/series/los-simpson/3ZoBZ52QHb4x
25|19|Qué esperar cuando Bart está esperando.|https://www.starplus.com/es-419/series/los-simpson/3ZoBZ52QHb4x
25|20|Una pieza como yo.|https://www.starplus.com/es-419/series/los-simpson/3ZoBZ52QHb4x
25|21|Amiga de pago.|https://www.starplus.com/es-419/series/los-simpson/3ZoBZ52QHb4x
25|22|La medalla amarilla al temor.|https://www.starplus.com/es-419/series/los-simpson/3ZoBZ52QHb4x
26|1|Payaso triste.|https://www.starplus.com/es-419/series/los-simpson/3ZoBZ52QHb4x
26|2|El naufragio de la relación.|https://www.starplus.com/es-419/series/los-simpson/3ZoBZ52QHb4x
26|3|Superfranquíciame.|https://www.starplus.com/es-419/series/los-simpson/3ZoBZ52QHb4x
26|4|La casa-árbol del terror XXV.|https://www.starplus.com/es-419/series/los-simpson/3ZoBZ52QHb4x
26|5|Los polos opuestos se fracturan.|https://www.starplus.com/es-419/series/los-simpson/3ZoBZ52QHb4x
26|6|Simpsorama.|https://www.starplus.com/es-419/series/los-simpson/3ZoBZ52QHb4x
26|7|Quemado y confuso.|https://www.starplus.com/es-419/series/los-simpson/3ZoBZ52QHb4x
26|8|Covercraft.|https://www.starplus.com/es-419/series/los-simpson/3ZoBZ52QHb4x
26|9|No estaré en casa por Navidad.|https://www.starplus.com/es-419/series/los-simpson/3ZoBZ52QHb4x
26|10|El hombre que vino a ser la cena.|https://www.starplus.com/es-419/series/los-simpson/3ZoBZ52QHb4x
26|11|El nuevo amigo de Bart.|https://www.starplus.com/es-419/series/los-simpson/3ZoBZ52QHb4x
26|12|Musk, caído del cielo.|https://www.starplus.com/es-419/series/los-simpson/3ZoBZ52QHb4x
26|13|Pisando fuerte y alto.|https://www.starplus.com/es-419/series/los-simpson/3ZoBZ52QHb4x
26|14|Mi bella conductora.|https://www.starplus.com/es-419/series/los-simpson/3ZoBZ52QHb4x
26|15|La princesa paseada.|https://www.starplus.com/es-419/series/los-simpson/3ZoBZ52QHb4x
26|16|Policía del cielo.|https://www.starplus.com/es-419/series/los-simpson/3ZoBZ52QHb4x
26|17|En busca de Duffman.|https://www.starplus.com/es-419/series/los-simpson/3ZoBZ52QHb4x
26|18|Mamá mirona.|https://www.starplus.com/es-419/series/los-simpson/3ZoBZ52QHb4x
26|19|Los chicos están bien peleones.|https://www.starplus.com/es-419/series/los-simpson/3ZoBZ52QHb4x
26|20|Memo volador.|https://www.starplus.com/es-419/series/los-simpson/3ZoBZ52QHb4x
26|21|¡Acos-oh!|https://www.starplus.com/es-419/series/los-simpson/3ZoBZ52QHb4x
26|22|Proeza mateatlética.|https://www.starplus.com/es-419/series/los-simpson/3ZoBZ52QHb4x
27|1|Sueño de todo hombre.|https://www.starplus.com/es-419/series/los-simpson/3ZoBZ52QHb4x
27|2|Investigación cocinilla.|https://www.starplus.com/es-419/series/los-simpson/3ZoBZ52QHb4x
27|3|Desahumadas.|https://www.starplus.com/es-419/series/los-simpson/3ZoBZ52QHb4x
27|4|Halloween del terror.|https://www.starplus.com/es-419/series/los-simpson/3ZoBZ52QHb4x
27|5|La casa-árbol del terror XXVI.|https://www.starplus.com/es-419/series/los-simpson/3ZoBZ52QHb4x
27|6|Amiga con derechos.|https://www.starplus.com/es-419/series/los-simpson/3ZoBZ52QHb4x
27|7|Lisa con ese.|https://www.starplus.com/es-419/series/los-simpson/3ZoBZ52QHb4x
27|8|Senderos de gloria.|https://www.starplus.com/es-419/series/los-simpson/3ZoBZ52QHb4x
27|9|Barthood.|https://www.starplus.com/es-419/series/los-simpson/3ZoBZ52QHb4x
27|10|Código femenino.|https://www.starplus.com/es-419/series/los-simpson/3ZoBZ52QHb4x
27|11|Adolescentes y mutaciones lácteas.|https://www.starplus.com/es-419/series/los-simpson/3ZoBZ52QHb4x
27|12|Mucho Apu y menos nueces.|https://www.starplus.com/es-419/series/los-simpson/3ZoBZ52QHb4x
27|13|El amor está en el N2-O2-Ar-CO2-Ne-He-CH4.|https://www.starplus.com/es-419/series/los-simpson/3ZoBZ52QHb4x
27|14|La mujer del perpetuo engorro.|https://www.starplus.com/es-419/series/los-simpson/3ZoBZ52QHb4x
27|15|Lisa, la veterinaria.|https://www.starplus.com/es-419/series/los-simpson/3ZoBZ52QHb4x
27|16|Crónicas Margianas.|https://www.starplus.com/es-419/series/los-simpson/3ZoBZ52QHb4x
27|17|Una jaula de Burns.|https://www.starplus.com/es-419/series/los-simpson/3ZoBZ52QHb4x
27|18|Cómo Lisa recuperó su Marge.|https://www.starplus.com/es-419/series/los-simpson/3ZoBZ52QHb4x
27|19|Fland Cañón.|https://www.starplus.com/es-419/series/los-simpson/3ZoBZ52QHb4x
27|20|Mensajero por amor.|https://www.starplus.com/es-419/series/los-simpson/3ZoBZ52QHb4x
27|21|Simprovisado.|https://www.starplus.com/es-419/series/los-simpson/3ZoBZ52QHb4x
27|22|Naranja es el nuevo amarillo.|https://www.starplus.com/es-419/series/los-simpson/3ZoBZ52QHb4x
28|1|El circo volandero de Monty Burns.|https://www.starplus.com/es-419/series/los-simpson/3ZoBZ52QHb4x
28|2|Amigos y familiares.|https://www.starplus.com/es-419/series/los-simpson/3ZoBZ52QHb4x
28|3|La ciudad.|https://www.starplus.com/es-419/series/los-simpson/3ZoBZ52QHb4x
28|4|La casa árbol del terror XXVII.|https://www.starplus.com/es-419/series/los-simpson/3ZoBZ52QHb4x
28|5|Confía, pero verifica.|https://www.starplus.com/es-419/series/los-simpson/3ZoBZ52QHb4x
28|6|Habrá colegas.|https://www.starplus.com/es-419/series/los-simpson/3ZoBZ52QHb4x
28|7|Fin de semana loco en la Habana.|https://www.starplus.com/es-419/series/los-simpson/3ZoBZ52QHb4x
28|8|Papinegligencia.|https://www.starplus.com/es-419/series/los-simpson/3ZoBZ52QHb4x
28|9|El último gran antihéroe.|https://www.starplus.com/es-419/series/los-simpson/3ZoBZ52QHb4x
28|10|Pesadilla después de Navikrusty.|https://www.starplus.com/es-419/series/los-simpson/3ZoBZ52QHb4x
28|11|El cerdo de Burns.|https://www.starplus.com/es-419/series/los-simpson/3ZoBZ52QHb4x
28|12|El gran Gordsby: Primera parte.|https://www.starplus.com/es-419/series/los-simpson/3ZoBZ52QHb4x
28|13|El gran Gordsby: Segunda parte.|https://www.starplus.com/es-419/series/los-simpson/3ZoBZ52QHb4x
28|14|Fofocarraldo.|https://www.starplus.com/es-419/series/los-simpson/3ZoBZ52QHb4x
28|15|El pazguato y el sombrero.|https://www.starplus.com/es-419/series/los-simpson/3ZoBZ52QHb4x
28|16|Kampamento Krusty.|https://www.starplus.com/es-419/series/los-simpson/3ZoBZ52QHb4x
28|17|22 por 30.|https://www.starplus.com/es-419/series/los-simpson/3ZoBZ52QHb4x
28|18|El reloj de un padre.|https://www.starplus.com/es-419/series/los-simpson/3ZoBZ52QHb4x
28|19|Vida de tunante.|https://www.starplus.com/es-419/series/los-simpson/3ZoBZ52QHb4x
28|20|Buscando al Señor Goodbart.|https://www.starplus.com/es-419/series/los-simpson/3ZoBZ52QHb4x
28|21|Moho House.|https://www.starplus.com/es-419/series/los-simpson/3ZoBZ52QHb4x
28|22|Perrovilla.|https://www.starplus.com/es-419/series/los-simpson/3ZoBZ52QHb4x
29|1|Los Siervison.|https://www.starplus.com/es-419/series/los-simpson/3ZoBZ52QHb4x
29|2|El esplendor de Springfield.|https://www.starplus.com/es-419/series/los-simpson/3ZoBZ52QHb4x
29|3|El gen silbador.|https://www.starplus.com/es-419/series/los-simpson/3ZoBZ52QHb4x
29|4|La casa-árbol del terror XXVIII.|https://www.starplus.com/es-419/series/los-simpson/3ZoBZ52QHb4x
29|5|Abuelo, ¿me oyes?|https://www.starplus.com/es-419/series/los-simpson/3ZoBZ52QHb4x
29|6|La del pelo azul ya no es lo que era.|https://www.starplus.com/es-419/series/los-simpson/3ZoBZ52QHb4x
29|7|Cantando en la pista.|https://www.starplus.com/es-419/series/los-simpson/3ZoBZ52QHb4x
29|8|Opus Lisa.|https://www.starplus.com/es-419/series/los-simpson/3ZoBZ52QHb4x
29|9|Perdido.|https://www.starplus.com/es-419/series/los-simpson/3ZoBZ52QHb4x
29|10|Ja Ja Land.|https://www.starplus.com/es-419/series/los-simpson/3ZoBZ52QHb4x
29|11|El test de Frink.|https://www.starplus.com/es-419/series/los-simpson/3ZoBZ52QHb4x
29|12|Homer está donde no está el arte.|https://www.starplus.com/es-419/series/los-simpson/3ZoBZ52QHb4x
29|13|Tres escenas y el final de un matrimonio.|https://www.starplus.com/es-419/series/los-simpson/3ZoBZ52QHb4x
29|14|Temores de un payaso.|https://www.starplus.com/es-419/series/los-simpson/3ZoBZ52QHb4x
29|15|Ninguna buena lectura queda impune.|https://www.starplus.com/es-419/series/los-simpson/3ZoBZ52QHb4x
29|16|El rey Lear del colchón.|https://www.starplus.com/es-419/series/los-simpson/3ZoBZ52QHb4x
29|17|Lisa siente el Blues.|https://www.starplus.com/es-419/series/los-simpson/3ZoBZ52QHb4x
29|18|Perdonar y lamentar.|https://www.starplus.com/es-419/series/los-simpson/3ZoBZ52QHb4x
29|19|Despedido.|https://www.starplus.com/es-419/series/los-simpson/3ZoBZ52QHb4x
29|20|Tira al abuelo.|https://www.starplus.com/es-419/series/los-simpson/3ZoBZ52QHb4x
29|21|La escalera de Flanders.|https://www.starplus.com/es-419/series/los-simpson/3ZoBZ52QHb4x
30|1|Bart no ha muerto.|https://www.starplus.com/es-419/series/los-simpson/3ZoBZ52QHb4x
30|2|Hotel Desengaño.|https://www.starplus.com/es-419/series/los-simpson/3ZoBZ52QHb4x
30|3|A mi manera o autopista al cielo.|https://www.starplus.com/es-419/series/los-simpson/3ZoBZ52QHb4x
30|4|La casa-árbol del terror XXIX.|https://www.starplus.com/es-419/series/los-simpson/3ZoBZ52QHb4x
30|5|Cariño, no puedes conducir mi coche.|https://www.starplus.com/es-419/series/los-simpson/3ZoBZ52QHb4x
30|6|Desde Rusia sin amor.|https://www.starplus.com/es-419/series/los-simpson/3ZoBZ52QHb4x
30|7|Madre dragajadora.|https://www.starplus.com/es-419/series/los-simpson/3ZoBZ52QHb4x
30|8|Krusty el Payaso.|https://www.starplus.com/es-419/series/los-simpson/3ZoBZ52QHb4x
30|9|Papicus Finch.|https://www.starplus.com/es-419/series/los-simpson/3ZoBZ52QHb4x
30|10|Es la temporada 30.|https://www.starplus.com/es-419/series/los-simpson/3ZoBZ52QHb4x
30|11|Loco por el juguete.|https://www.starplus.com/es-419/series/los-simpson/3ZoBZ52QHb4x
30|12|La niña del bus.|https://www.starplus.com/es-419/series/los-simpson/3ZoBZ52QHb4x
30|13|Bailo tan gordo como puedo.|https://www.starplus.com/es-419/series/los-simpson/3ZoBZ52QHb4x
30|14|El payaso se queda en la película.|https://www.starplus.com/es-419/series/los-simpson/3ZoBZ52QHb4x
30|15|101 atenuantes.|https://www.starplus.com/es-419/series/los-simpson/3ZoBZ52QHb4x
30|16|Te deseo (ella es muy fuerte).|https://www.starplus.com/es-419/series/los-simpson/3ZoBZ52QHb4x
30|17|Multiplícate y juega.|https://www.starplus.com/es-419/series/los-simpson/3ZoBZ52QHb4x
30|18|Bart contra Pica y Rasca.|https://www.starplus.com/es-419/series/los-simpson/3ZoBZ52QHb4x
30|19|Las chicas de la banda.|https://www.starplus.com/es-419/series/los-simpson/3ZoBZ52QHb4x
30|20|Soy una chica incapaz de decir ¡Jo!|https://www.starplus.com/es-419/series/los-simpson/3ZoBZ52QHb4x
30|21|¡Jo! Canadá.|https://www.starplus.com/es-419/series/los-simpson/3ZoBZ52QHb4x
30|22|¿Quién ha sido?|https://www.starplus.com/es-419/series/los-simpson/3ZoBZ52QHb4x
30|23|Cristalina persuasión de pelo azul.|https://www.starplus.com/es-419/series/los-simpson/3ZoBZ52QHb4x
31|1|El Invierno de nuestro Contenido Rentabilizado.|https://www.starplus.com/es-419/series/los-simpson/3ZoBZ52QHb4x
31|2|Hazlo a lo grande o hazlo a lo Homer.|https://www.starplus.com/es-419/series/los-simpson/3ZoBZ52QHb4x
31|3|La línea gruesa azul.|https://www.starplus.com/es-419/series/los-simpson/3ZoBZ52QHb4x
31|4|La Casa-árbol del terror XXX.|https://www.starplus.com/es-419/series/los-simpson/3ZoBZ52QHb4x
31|5|Gorilas en el Mástil.|https://www.starplus.com/es-419/series/los-simpson/3ZoBZ52QHb4x
31|6|Marge la Leñadora.|https://www.starplus.com/es-419/series/los-simpson/3ZoBZ52QHb4x
31|7|Viviendo La Vida Pura.|https://www.starplus.com/es-419/series/los-simpson/3ZoBZ52QHb4x
31|8|Terror en Acción de Gracias.|https://www.starplus.com/es-419/series/los-simpson/3ZoBZ52QHb4x
31|9|Todd, Todd, ¿por qué me has abandonado?|https://www.starplus.com/es-419/series/los-simpson/3ZoBZ52QHb4x
31|10|Bobby, Hace Frío Fuera.|https://www.starplus.com/es-419/series/los-simpson/3ZoBZ52QHb4x
31|11|Enseña los Dientes.|https://www.starplus.com/es-419/series/los-simpson/3ZoBZ52QHb4x
31|12|La Educación Errónea de Lisa Simpson.|https://www.starplus.com/es-419/series/los-simpson/3ZoBZ52QHb4x
31|13|Frinkcoin.|https://www.starplus.com/es-419/series/los-simpson/3ZoBZ52QHb4x
31|14|Bart el Malo.|https://www.starplus.com/es-419/series/los-simpson/3ZoBZ52QHb4x
31|15|Screenless.|https://www.starplus.com/es-419/series/los-simpson/3ZoBZ52QHb4x
31|16|Ned Está Mejor.|https://www.starplus.com/es-419/series/los-simpson/3ZoBZ52QHb4x
31|17|Autopista hacia el pozo.|https://www.starplus.com/es-419/series/los-simpson/3ZoBZ52QHb4x
31|18|La Increíble Levedad de Ser un Bebé.|https://www.starplus.com/es-419/series/los-simpson/3ZoBZ52QHb4x
31|19|Guerra de Predicadores.|https://www.starplus.com/es-419/series/los-simpson/3ZoBZ52QHb4x
31|20|Guerra de Predicadores: Parte 2.|https://www.starplus.com/es-419/series/los-simpson/3ZoBZ52QHb4x
31|21|Los Odiosos Niños de Ocho Años.|https://www.starplus.com/es-419/series/los-simpson/3ZoBZ52QHb4x
31|22|Manías Perrunas.|https://www.starplus.com/es-419/series/los-simpson/3ZoBZ52QHb4x
32|1|Burns de incógnito.|https://www.starplus.com/es-419/series/los-simpson/3ZoBZ52QHb4x
32|2|Yo, Carumbus.|https://www.starplus.com/es-419/series/los-simpson/3ZoBZ52QHb4x
32|3|Now Museum, Now You Don't.|https://www.starplus.com/es-419/series/los-simpson/3ZoBZ52QHb4x
32|4|La casa-árbol del terror XXXI.|https://www.starplus.com/es-419/series/los-simpson/3ZoBZ52QHb4x
32|5|El picor de las 7 cervezas.|https://www.starplus.com/es-419/series/los-simpson/3ZoBZ52QHb4x
32|6|Noticias de podcasts.|https://www.starplus.com/es-419/series/los-simpson/3ZoBZ52QHb4x
32|7|Tres sueños frustrados.|https://www.starplus.com/es-419/series/los-simpson/3ZoBZ52QHb4x
32|8|Carretera a Cincinnati.|https://www.starplus.com/es-419/series/los-simpson/3ZoBZ52QHb4x
32|9|Lo siento, pero no lo siento.|https://www.starplus.com/es-419/series/los-simpson/3ZoBZ52QHb4x
32|10|Una Navidad de verano de Springfield para Navidad.|https://www.starplus.com/es-419/series/los-simpson/3ZoBZ52QHb4x
32|11|Dad Feelings Limited.|https://www.starplus.com/es-419/series/los-simpson/3ZoBZ52QHb4x
32|12|Reina del diario.|https://www.starplus.com/es-419/series/los-simpson/3ZoBZ52QHb4x
32|13|Goles de taco.|https://www.starplus.com/es-419/series/los-simpson/3ZoBZ52QHb4x
32|14|Héroe de Yokel.|https://www.starplus.com/es-419/series/los-simpson/3ZoBZ52QHb4x
32|15|Do Pizza Bots Dream of Electric Guitars.|https://www.starplus.com/es-419/series/los-simpson/3ZoBZ52QHb4x
32|16|Manger Things.|https://www.starplus.com/es-419/series/los-simpson/3ZoBZ52QHb4x
32|17|Uncut Femmes.|https://www.starplus.com/es-419/series/los-simpson/3ZoBZ52QHb4x
32|18|Burger Kings.|https://www.starplus.com/es-419/series/los-simpson/3ZoBZ52QHb4x
32|19|Panic on the Streets of Springfield.|https://www.starplus.com/es-419/series/los-simpson/3ZoBZ52QHb4x
32|20|Mother and Child Reunion.|https://www.starplus.com/es-419/series/los-simpson/3ZoBZ52QHb4x
32|21|The Man from G.R.A.M.P.A.|https://www.starplus.com/es-419/series/los-simpson/3ZoBZ52QHb4x
32|22|The Last Barfighter.|https://www.starplus.com/es-419/series/los-simpson/3ZoBZ52QHb4x
